,v1r,v2,v2 - v1r
검증 RMSE (공통 표본),0.1630100774669166,0.1621524313209685,-0.0008576461459481044
검증 MAE (공통 표본),0.11270193022354516,0.1130577919535255,0.00035586172998033905
검증 R2 (공통 표본),0.08160181206249706,0.09124034013444882,0.009638528071951757
"검증 투수×구종 ρ(구위, whiff%)",0.6743701947240796,0.7382511134868578,0.06388091876277824
"검증 투수×구종 ρ(구위, xwOBAcon)",-0.2634889794781935,-0.28600274189008834,-0.022513762411894844
"검증 투수 ρ(구위, whiff%)",0.584999243264949,0.5903919809037421,0.00539273763879311
2024 BA 격차,0.24272449471904062,0.23771309476050964,-0.0050113999585309765
2024 Whiff 격차,0.5249755173998967,0.5469417129196217,0.021966195519725007
2024 xwOBAcon 격차,0.15298519462167004,0.15489939854771095,0.0019142039260409138
2026 BA 격차,0.24384764786592694,0.24049576497323266,-0.00335188289269428
2026 Whiff 격차,0.5274945948081844,0.5504566429853989,0.022962048177214478
2026 xwOBAcon 격차,0.14155353090290712,0.1456617516945508,0.004108220791643691
"안정성 r(구위 2024, 구위 2025)",0.8581556323767385,0.8821737168192305,0.024018084442491983
"예측력 ρ(구위 2024, whiff% 2025)",0.6482755662529238,0.6918575010774558,0.04358193482453199
"안정성 r(구위 2025, 구위 2026)",0.8383726615390659,0.8620361743741817,0.023663512835115807
"예측력 ρ(구위 2025, whiff% 2026)",0.648860154961842,0.6954008337510467,0.04654067878920465
