,A v2 (웹),H1 F+회귀 보정,H4 F+Chamberlain VAA·HAA,H5 F+Chamberlain VAA만,H3 F+기준점 VAA만,F (재계산),H1v F+회귀 보정 VAA,H6 F+aVAA,H5★ Chamberlain VAA (튜닝),H6★ aVAA (튜닝)
검증 RMSE (공통 표본),0.1621524313209685,0.1681759697285005,0.1682298294090185,0.1681491085064418,0.1681486133413072,0.168200042939752,0.16819855166060996,0.16817434799062625,0.1681847744110767,0.1681513256382659
검증 MAE (공통 표본),0.1130577919535255,0.1222064557065718,0.1223247789198488,0.122231679953165,0.1222094387832006,0.12226957161183305,0.12225255622398476,0.12217995387864079,0.12237005918104213,0.12231395495715204
검증 R2 (공통 표본),0.0912403401344488,0.0224702316305288,0.0218440081361067,0.0227824706177265,0.0227882260254271,0.022190358532165555,0.022207697180046004,0.022489084376347113,0.02236787378910432,0.02275670022397669
"검증 투수×구종 ρ(구위, whiff%)",0.7382511134868578,0.7120911373764578,0.7193690034620195,0.7173320907171395,0.7253388631760824,0.723994994066263,0.7170005495371357,0.7285055278378536,0.7187420864794745,0.723756968381121
"검증 투수×구종 ρ(구위, xwOBAcon)",-0.2860027418900883,-0.2394441771152048,-0.2467537655593183,-0.2461155043897478,-0.2432940208032588,-0.24321170357323355,-0.24179415245029948,-0.2345904869124683,-0.2464126938010889,-0.24217033008603966
"검증 투수 ρ(구위, whiff%)",0.5903919809037421,0.5424704599841126,0.5385179708316186,0.5504660563330848,0.5523131219955674,0.5485360848005743,0.555862650058856,0.55613064810383,0.5565104726711672,0.5655395003302549
2024 BA 격차,0.2377130947605096,0.1182286255226947,0.1136569917412861,0.115338023985141,0.1163082052638979,0.11408542938116606,0.11488680760236614,0.11737699196338267,0.11519254951360147,0.11479908431352254
2024 Whiff 격차,0.5469417129196217,0.2456032468651945,0.2465225518305338,0.2445545775045779,0.2472755286668853,0.24339491925889578,0.24551665732012368,0.24782043237485132,0.24688889545106368,0.24535790527627088
2026 BA 격차,0.2404957649732326,0.1220090605524991,0.123041536255476,0.1238199204500993,0.1234711183517414,0.11964070798617657,0.12450551771941237,0.12201329968770017,0.12388953877033987,0.1228168521470269
2026 Whiff 격차,0.5504566429853989,0.2415899414796223,0.2420934203335816,0.2401970226454234,0.2404573660345768,0.24053317029007235,0.2406390829981453,0.23898529057965565,0.2418368996330387,0.23714796915918168
"안정성 r(구위 2024, 구위 2025)",0.8821737168192305,0.9361198365710226,0.9391842674921204,0.9373466141478036,0.93854789109344,0.9394920788097205,0.937199175626915,0.9377735681760254,0.9416933101300229,0.9425666957082453
"예측력 ρ(구위 2024, whiff% 2025)",0.6918575010774558,0.7667718380703732,0.7710789067921723,0.7697554226891852,0.7716995555492824,0.7777348856918049,0.7695345115749098,0.7740597768941704,0.7706360854192402,0.7736720091878073
"안정성 r(구위 2025, 구위 2026)",0.8620361743741817,0.9314005706210632,0.9359800301809716,0.933945002505042,0.9363834577804964,0.9380349767855136,0.9335927197266315,0.933212958948543,0.9372252809907744,0.9342466658218892
"예측력 ρ(구위 2025, whiff% 2026)",0.6954008337510467,0.7714007055285335,0.7759066997533858,0.772669801835435,0.7738939868522006,0.7750786340774214,0.7722825649171681,0.7736342016860323,0.7776755534517812,0.7733127460804341
누수 R²(plate_z),0.9697053307814518,0.2998740349388955,0.298383028413321,0.2986084711602961,0.4248892988212037,0.28053304940011736,0.29665361445839245,0.3469938424897514,0.2986084711602961,0.3469938424897514
누수 R²(plate_x 우투 기준),0.9864519451554378,0.3795614412212286,0.3637617381616032,0.1763274523240904,0.1818071079327154,0.17690813240080527,0.17809001236890065,0.1788012521999589,0.17632745232409042,0.1788012521999589
"투수×구종 내 corr(점수, 높이 정규화)",0.0182818896948709,-0.0719111164173742,-0.0701785763969018,-0.0699905733835365,-0.0685588929720695,-0.061581289177727074,-0.07314781472228414,-0.07938808474816213,-0.06945352615111279,-0.08003098492166594
"투수×구종 내 corr(점수, |plate_x|)",0.4302024388730758,0.0274417988781077,0.0256679355236522,0.024323146906547,0.0245424839468094,0.02493849067015548,0.025785665137739534,0.025035803501184478,0.02418898407532269,0.024296583415429826
사구 평균 점수 (raw),67.44664768017962,51.18354154541884,50.929225276407685,50.81163228430858,50.80644981883759,50.73123550415039,51.09352493286133,50.99205017089844,50.836822509765625,51.0426139831543
상위 1% 중 존 밖 볼 비율 (raw),0.9249836921069796,0.416596579758901,0.4144118884060003,0.4121687929342492,0.425967470555244,0.4100336322869955,0.41461020751542343,0.41853617498597867,0.41589571068124476,0.4199607513316512
|SHAP|×1000 구속,,,,,,7.371951998671382,6.687194323545292,6.124822130373172,6.651435398014749,5.798394247418299
|SHAP|×1000 수직 무브먼트,,,,,,6.469519115583805,6.068738951298337,5.70967806701628,5.4927423824762425,4.782852615913587
|SHAP|×1000 수평 무브먼트,,,,,,5.603244893916274,5.606426351505038,5.275312789618865,4.962074914007975,4.918561398193922
|SHAP|×1000 진입각·궤적,,,,,,,3.8415810185940087,3.971106275649103,2.5412750188567665,4.19576933484701
|SHAP|×1000 릴리스 위치,,,,,,3.8918212268244106,3.260527524994719,3.269272145178133,2.8671188398535654,2.722802508620113
|SHAP|×1000 익스텐션,,,,,,1.702274433375806,1.5599759177312933,1.7969141015745158,1.432313139160189,1.6377487250443081
|SHAP|×1000 회전,,,,,,3.3652094422705097,3.121987982324922,3.0898476120725245,2.874751982153075,2.7425944843080896
|SHAP|×1000 구종·투구손,,,,,,10.749435769867194,10.625330323950223,9.59286515355475,9.672463495618453,11.097699147101338
