,A v2 (원값),B 높이 보정,C 진입각 제거,D 보정 + vx0·vz0 제거,B − A,C − A,D − A
검증 RMSE (공통 표본),0.1621524313209685,0.1626898734648157,0.16258884919888597,0.16658688201538904,0.000537442143847211,0.0004364178779174832,0.004434450694420555
검증 MAE (공통 표본),0.1130577919535255,0.11429829228401613,0.11386916568248036,0.11973446048394845,0.0012405003304906265,0.0008113737289548589,0.006676668530422952
검증 R2 (공통 표본),0.09124034013444882,0.08520632475694645,0.08634207665123284,0.040856230922519,-0.006034015377502366,-0.004898263483215981,-0.05038410921192982
"검증 투수×구종 ρ(구위, whiff%)",0.7382511134868578,0.710831250628529,0.7143747010220253,0.728508856868415,-0.02741986285832876,-0.02387641246483252,-0.009742256618442746
"검증 투수×구종 ρ(구위, xwOBAcon)",-0.28600274189008834,-0.2771221654273686,-0.26438175825971694,-0.24597659406408032,0.008880576462719725,0.021620983630371404,0.040026147826008024
"검증 투수 ρ(구위, whiff%)",0.5903919809037421,0.6087778036150512,0.6020643561862784,0.5546036376605249,0.018385822711309063,0.011672375282536285,-0.035788343243217224
2024 BA 격차,0.23771309476050964,0.22660015213502294,0.23221853939417753,0.14366513939528308,-0.011112942625486705,-0.005494555366332116,-0.09404795536522656
2024 Whiff 격차,0.5469417129196217,0.5176707056385774,0.5253312256666959,0.3484733763538331,-0.02927100728104426,-0.021610487252925803,-0.1984683365657886
2024 xwOBAcon 격차,0.15489939854771095,0.15169830958992303,0.1547235220626454,0.07752315296829831,-0.003201088957787923,-0.00017587648506556253,-0.07737624557941264
2026 BA 격차,0.24049576497323266,0.23023234937793077,0.23664435585922022,0.14948478305529214,-0.010263415595301889,-0.0038514091140124385,-0.09101098191794052
2026 Whiff 격차,0.5504566429853989,0.5145571551682679,0.5265460007582505,0.33063541676861696,-0.035899487817130926,-0.023910642227148338,-0.2198212262167819
2026 xwOBAcon 격차,0.1456617516945508,0.14565840691059073,0.14701311937863504,0.07417434266404005,-3.3447839600797558e-06,0.001351367684084226,-0.07148740903051076
"안정성 r(구위 2024, 구위 2025)",0.8821737168192305,0.8832281301704689,0.8799637866494118,0.9130561745949002,0.001054413351238348,-0.0022099301698187412,0.03088245777566967
"예측력 ρ(구위 2024, whiff% 2025)",0.6918575010774558,0.6725934038915572,0.6841708058566749,0.7467272907676222,-0.01926409718589861,-0.007686695220780915,0.054869789690166426
"안정성 r(구위 2025, 구위 2026)",0.8620361743741817,0.8594252040309466,0.8577383821150564,0.9038199697180934,-0.0026109703432350972,-0.004297792259125299,0.041783795343911745
"예측력 ρ(구위 2025, whiff% 2026)",0.6954008337510467,0.6779695236487545,0.6762188899278219,0.7550060291923235,-0.017431310102292152,-0.0191819438232248,0.05960519544127685
누수 R²(plate_z),0.9699538336798263,0.9670015295582659,0.9669540251394119,0.8693521230031456,-0.002952304121560445,-0.0029998085404144836,-0.10060171067668078
누수 R²(plate_x 우투 기준),0.9869270658704472,0.9840623162405293,0.9835634806326107,0.7883275116218368,-0.0028647496299178954,-0.0033635852378365305,-0.19859955424861042
"투수×구종 내 corr(점수, 높이 정규화)",0.01828188969487095,0.00892028051613245,0.00470208012172788,-0.10951924203353625,-0.009361609178738501,-0.013579809573143071,-0.1278011317284072
"투수×구종 내 corr(점수, |plate_x|)",0.4302024388730758,0.3892916172937842,0.3961304327956422,0.05033352929676995,-0.0409108215792916,-0.0340720060774336,-0.37986890957630587
사구 평균 점수 (raw),67.44664768017962,67.04831915475664,66.96433942996492,54.041374123165056,-0.3983285254229827,-0.48230825021470025,-13.405273557014567
waste 볼 평균 점수 (raw),66.8606125695,65.69748749863423,65.50167260429407,57.53969988253682,-1.1631250708657745,-1.3589399652059342,-9.320912686963183
존 밖 볼 평균 점수,54.49521008371629,53.80418907027008,53.81833355225062,50.42123187766299,-0.6910210134462105,-0.6768765314656662,-4.073978206053297
존 안 투구 평균 점수,44.375223178437906,45.02231150614543,44.905700005285425,49.11926529894098,0.6470883277075217,0.5304768268475186,4.7440421205030745
상위 1% 중 존 밖 볼 비율 (raw),0.9249836921069797,0.9253377577625029,0.9274823354406843,0.7630398205272013,0.0003540656555232058,0.002498643333704531,-0.1619438715797784
상위 1% 중 사구 비율 (raw),0.041356816699282456,0.0453899028205736,0.04685756786909632,0.014582164890633763,0.004033086121291142,0.0055007511698138625,-0.026774651808648693
|SHAP|×1000 구속,5.243189559048183,10.288798078399884,9.80499563671711,14.254211720637295,5.045608519351701,4.561806077668926,9.011022161589112
|SHAP|×1000 수직 무브먼트,3.5050167329751134,13.318645287485865,12.770240043828846,17.053209566477857,9.813628554510752,9.265223310853733,13.548192833502744
|SHAP|×1000 수평 무브먼트,3.196581288647983,9.62739203490724,9.098414285299349,10.426791861912614,6.430810746259257,5.901832996651366,7.230210573264631
|SHAP|×1000 진입각·궤적,35.32324079085926,19.678697774256662,18.73714981297459,9.522239455965122,-15.644543016602597,-16.58609097788467,-25.80100133489414
|SHAP|×1000 릴리스 위치,9.643185223609446,7.997486853741251,8.563309921619213,6.370011365508065,-1.645698369868195,-1.0798753019902332,-3.273173858101382
|SHAP|×1000 익스텐션,0.9346779179419675,0.9703544273531214,1.082333297613214,1.9405794175523088,0.035676509411153856,0.14765537967124653,1.0059014996103413
|SHAP|×1000 회전,2.1482275472642307,2.55674574665766,2.6122638200430974,4.158825152577876,0.40851819939342926,0.4640362727788667,2.010597605313645
|SHAP|×1000 구종·투구손,5.073396412085473,9.382584694687315,9.361812018799661,10.428581517548245,4.309188282601842,4.288415606714188,5.355185105462772
