,A v2 (원값),B 높이 보정,C 진입각 제거,D 보정 + vx0·vz0 제거,E 진입각·vx0·vz0 제거,F E + 가속도·vy0 제거,G D − az
FF,0.6559892331629855,0.665680177944495,0.6612413384955588,0.40839885221698763,0.4394038125607311,0.03732498116763407,0.048179446157388686
SI,0.14896605995318268,0.16138532488606389,0.1647203601501935,-0.047831634257573245,0.005536229662036756,-0.06474061077624349,-0.031652728782320644
FC,0.09885926102208116,0.1287427631273071,0.1468415077806203,-0.23800011142867494,-0.161724304544526,-0.012967448111789306,-0.1336517575997817
SL,-0.5575465764771406,-0.6221536410022532,-0.6229922363094941,-0.6752587971268378,-0.680743920649606,-0.18973889015647938,-0.28378546045090475
ST,-0.4938626033676785,-0.5461114029323402,-0.5564992383609356,-0.49585565440522567,-0.4866414906344294,-0.08861453238476485,-0.1947655913016133
CH,-0.591898130028068,-0.6220090224598462,-0.6465756405231515,-0.44371054664181947,-0.4560412722347056,-0.09897309636041927,-0.06969325944340603
FS,-0.7166427126849438,-0.7581351908374572,-0.7690809535720153,-0.5849766714591528,-0.5915195410497495,-0.11990622910315611,-0.10081887505503734
CU,-0.7326401264199203,-0.7524024018856837,-0.7699755925437723,-0.5259706240839384,-0.5330336586201689,-0.23932397125298072,-0.29676130302101694
KC,-0.8001386517747099,-0.8224530202550361,-0.8264282147376798,-0.5697958444744573,-0.5778118429183323,-0.3006193854402863,-0.3512779196619683
