,F,H1v,H6,H5★,H6★
FF,0.03732498145502068,0.029307802852637843,0.014649589776891979,0.035779272724119605,0.0031539877827232946
SI,-0.06474061087748054,-0.07163910115897598,-0.05568695859338502,-0.07354457184939281,-0.056221860374675005
FC,-0.012967450029178582,-0.07461187497429776,-0.0370069786087263,-0.04583547561933912,-0.04672850240078029
SL,-0.18973888954361035,-0.20468448367876813,-0.2416572967683029,-0.2003692686087226,-0.2190373852431776
ST,-0.08861453354246242,-0.09483438121321709,-0.12403753960319774,-0.10352633288922923,-0.1398876488891222
CH,-0.09897309717655348,-0.09695357240125517,-0.09266841005421762,-0.08865809791875567,-0.08726257526617896
FS,-0.11990622755028783,-0.11899647751308509,-0.12681052656164643,-0.1261256068662729,-0.10620102782911463
CU,-0.2393239681730943,-0.24865166084884321,-0.2602412624864654,-0.257996414580318,-0.24023829222582402
KC,-0.3006193860266469,-0.301131234954673,-0.3071387477558754,-0.32315681504791666,-0.2834339464569097
