,R²(plate_z) 감소,R²(plate_x) 감소
az,0.4370139311261434,-0.0002701341383694045
pfx_z,0.35404892170800084,-0.0022497007424661097
vy0,0.006101616666027487,0.00850876736298145
release_pos_z,0.0021892675910646364,-0.0020937785716824697
haa_adj,0.0002798250286639714,-0.0012160039676947232
ax,0.00021521853593942097,0.30272064316433633
release_pos_x,-0.001112915458301722,0.004158927116973299
pfx_x,-0.0014356216957784884,0.1499237886737037
vaa_adj,-0.002246201457979158,-0.002947887509751168
ay,-0.0036869767083931304,0.004736488050861576
