pitch_type,n,vaa,vaa_adj,vaa_sd,vaa_adj_sd,haa,haa_adj,corr_z 원값,corr_z 보정
CH,73088,-7.4581282073247985,-6.7428546981834385,1.0863765934118534,0.5786426232111388,0.3657060599729891,0.7317604836458786,0.8462654952615437,0.0037714087133123727
CU,49675,-9.724529809610383,-9.047258027010887,1.4357066708319406,1.0153991941714136,2.944394682522626,2.780518104831503,0.7036923326089413,0.007166595596109201
EP,991,-14.659286930528143,-14.625055149250807,4.775640121159901,4.760725961433478,1.3219143581470454,1.4305676991587437,0.03117141071257592,0.0070085462344690215
FC,53670,-6.119441047562081,-6.0997463012286115,1.1894822889316385,0.6342714838795181,2.599210002824188,2.2608345013415936,0.8450645030540176,0.0023498570959580955
FF,226287,-4.697162578178955,-5.078159930589047,0.9908591719775959,0.4530340830401621,1.266772420311175,1.2632372498683186,0.8891972092226674,-0.002608478614158953
FO,540,-8.889246103335095,-7.5849440501742595,1.1946589246256216,0.4114505663935478,1.030840933362231,1.2760279000755943,0.9388164160787604,-0.01287621402339021
FS,23580,-7.651043015372872,-6.859772425194866,1.1864469155597246,0.6192681752797685,0.6365050923522003,0.9100101264412197,0.852760336316006,0.008685765088784363
KC,12016,-9.494613431259669,-8.643775162129906,1.2886870260726602,0.7565231189495867,2.869204280333867,2.7019637300934045,0.8074142721949122,-0.008008032944481191
KN,136,-9.537662263438122,-8.880504258409657,2.3127579702693306,1.8827814108920589,1.4157991340475242,1.1396198762774403,0.6244876673081022,-0.28159366360694266
SC,7,-7.264149254001775,-6.239286632610258,0.9306023126982719,0.9816611907594993,1.2839238040979368,1.1761759200906912,0.7404777268889806,-0.731583928149972
SI,110228,-5.864018487420013,-5.744882732532935,0.9878819285150793,0.5317488177508094,0.4705106820459893,0.625303463013096,0.8426769092197073,-0.0006940325982026861
SL,104854,-7.664937285639196,-7.01300454540349,1.266781966086525,0.7785631862391238,2.918707508823516,2.4965628158513837,0.7880553532683373,-0.0013695677332571173
ST,49997,-7.705721410992737,-7.109864720611422,1.2498158463895117,1.496192023925669,4.234137957868796,3.784492066860652,0.7789543681134011,-0.2573498666322105
SV,3524,-8.630074587675278,-7.961306371400917,1.2170322413772026,0.7353713008535914,3.9617997562752145,3.6114345466040234,0.7961989617398083,0.01286281247044706
