투구,구종,모델,기준 점수,구속,수직 무브먼트,수평 무브먼트,진입각,릴리스 위치,익스텐션,회전,구종·투구손,구위
HOF 고득점 FF,FF,LGBM v3,50.6,9.9,5.0,0.7,6.3,2.2,1.2,2.5,1.5,80.0
HOF 고득점 FF,FF,LGBM 구종 제외,50.6,9.9,5.4,1.3,6.2,2.6,1.5,3.0,-0.5,80.0
HOF 고득점 FF,FF,HOF-Net A0-β0.01,50.4,-0.2,-0.2,1.1,0.1,0.4,0.6,-0.1,9.5,61.6
HOF 고득점 FF,FF,HOF-Net A0-βNLL,52.7,-3.7,-0.2,1.8,0.0,0.4,5.2,8.5,-0.0,64.7
HOF 고득점 FF,FF,HOF-Net A5,70.4,2.0,12.7,-1.2,-0.6,2.2,0.3,-5.8,0.0,80.0
HOF 고득점 FF,FF,HOF-Net A5-βNLL,75.1,2.7,0.4,1.7,-0.9,4.9,0.3,-4.6,0.5,80.0
HOF 고득점 SL,SL,LGBM v3,50.6,4.8,2.6,1.9,0.9,-0.7,-0.0,2.7,4.3,67.0
HOF 고득점 SL,SL,LGBM 구종 제외,50.6,6.6,4.4,1.7,1.7,-0.4,-0.1,3.0,-0.4,67.0
HOF 고득점 SL,SL,HOF-Net A0-β0.01,50.4,0.9,-0.1,0.9,1.4,4.5,-0.0,-0.7,22.7,80.0
HOF 고득점 SL,SL,HOF-Net A0-βNLL,52.7,2.1,0.1,0.8,0.1,0.5,0.0,6.8,0.5,63.5
HOF 고득점 SL,SL,HOF-Net A5,70.4,1.5,-1.4,-3.6,-0.5,5.0,-0.1,-0.5,-0.5,70.3
HOF 고득점 SL,SL,HOF-Net A5-βNLL,75.1,-0.6,0.2,-4.1,-2.4,6.5,-1.3,-2.6,0.3,71.1
HOF 저득점,EP,LGBM v3,50.6,-15.4,3.9,5.2,-0.6,-0.3,-3.7,-3.0,-5.1,31.6
HOF 저득점,EP,LGBM 구종 제외,50.6,-15.5,2.0,3.3,-2.4,0.1,-7.3,-1.3,-0.7,28.7
HOF 저득점,EP,HOF-Net A0-β0.01,50.4,-28.3,0.1,0.3,6.9,-4.0,0.3,0.0,-5.7,20.0
HOF 저득점,EP,HOF-Net A0-βNLL,52.7,-12.7,-0.6,-0.9,-0.0,-0.3,-14.8,-2.7,-0.6,20.0
HOF 저득점,EP,HOF-Net A5,70.4,-37.3,9.8,-15.3,0.5,21.1,2.8,-25.4,-1.3,25.2
HOF 저득점,EP,HOF-Net A5-βNLL,75.1,-3.4,-22.1,-3.6,-7.8,-13.0,2.6,-4.7,-3.1,20.0
