,LGBM v3,LGBM 구종 제외,HOF-Net A0-β0.01,HOF-Net A0-βNLL,HOF-Net A5,HOF-Net A5-βNLL
method,shap,shap,hof-additive,hof-additive,hof-additive,hof-additive
기준 점수 S0,50.59655607763873,50.575838241116344,50.37787797766412,52.667694425342624,70.35733928720138,75.05416880723816
가법성 오차 최대 (점),0.0033197577708463655,0.00170672848899045,0.002785036887281933,0.014509048343533948,0.0046266185818382155,0.007684885760369298
구속 비중,0.18722763728623665,0.28179100215328196,0.027409410093015597,0.16975701075179092,0.10337947674593015,0.14723810158319406
수직 무브먼트 비중,0.15275649335940825,0.2073141408930332,0.010484476632572874,0.014878493226361733,0.16965354040561148,0.20267898730261608
수평 무브먼트 비중,0.13807153516967932,0.1328352593213985,0.06914499838137261,0.111875308114867,0.17225931358618776,0.11096420523250085
진입각 비중,0.0775603393559798,0.10214415685090132,0.030583858744159836,0.011235479179804981,0.05737099913722528,0.08316474517618827
릴리스 위치 비중,0.07699336462253491,0.0820614662555309,0.11154648913445678,0.026429018475819646,0.11907588437919389,0.11107311267569595
익스텐션 비중,0.03816515684614563,0.0393641574852718,0.012452062045519215,0.04186163099365999,0.02305861002222091,0.04706887655141204
회전 비중,0.07511513837377697,0.09004416898618979,0.020411542767093057,0.527915669779171,0.3194495862982816,0.26915383830282247
구종·투구손 비중,0.2541103349862385,0.06444564805439258,0.71796716220181,0.09604738947852473,0.0357525894253489,0.028658133175570314
[LGBM 구종 제외] 구위 상관,0.9696579977515556,,0.736987630789162,0.7514729857357759,0.8619773180582374,0.8304857527604989
[LGBM 구종 제외] 최대 + 요인 일치율,0.4575,,0.09095,0.1369,0.17165,0.20525
[LGBM 구종 제외] 최대 − 요인 일치율,0.48925,,0.05915,0.1099,0.056,0.1347
[LGBM 구종 제외] 구속 투구별 상관,0.782054392402084,,0.26038806194183695,0.7621086874820288,0.4731804242332564,0.29235092306605615
[LGBM 구종 제외] 수직 무브먼트 투구별 상관,0.9500716125406468,,-0.05070697916764399,0.47197730917248837,0.1282947570233855,0.6490240746915695
[LGBM 구종 제외] 수평 무브먼트 투구별 상관,0.9526671817129111,,0.3743054589260209,0.1567195982532388,0.4587241021694047,-0.02710137844580763
[LGBM 구종 제외] 진입각 투구별 상관,0.9482919167535223,,-0.07352104378595396,0.45120682177385346,0.11113356052519557,-0.06961589656508553
[LGBM 구종 제외] 릴리스 위치 투구별 상관,0.9015662692637428,,0.14341179890161038,0.13276497478661417,0.1873426459706492,0.22241979737126538
[LGBM 구종 제외] 익스텐션 투구별 상관,0.9581738977939936,,-0.6552667705751184,0.23741099419086195,0.08923503984662144,0.2146054577835369
[LGBM 구종 제외] 회전 투구별 상관,0.9193205981339143,,0.15673764885073693,0.3129010504819696,0.3217146420573916,0.3859848352969807
[LGBM 구종 제외] 구종·투구손 투구별 상관,0.2678394389149752,,0.07191631328706054,0.4535116709893898,0.470211696958543,0.5248041272224292
[LGBM v3] 구위 상관,,0.9696579977515556,0.7295586811753569,0.7452753986106343,0.8562771204215459,0.827175425301297
[LGBM v3] 최대 + 요인 일치율,,0.4575,0.38785,0.11105,0.2535,0.173
[LGBM v3] 최대 − 요인 일치율,,0.48925,0.26735,0.11445,0.05865,0.131
[LGBM v3] 구속 투구별 상관,,0.7820543924020841,0.21348676472446212,0.5851148117922187,0.587815546889042,0.5073008157379322
[LGBM v3] 수직 무브먼트 투구별 상관,,0.9500716125406468,-0.05458549812260481,0.41832776575778924,0.2631322412195146,0.6398007126946097
[LGBM v3] 수평 무브먼트 투구별 상관,,0.952667181712911,0.37761215668663245,0.14400346451436233,0.37557349302878257,-0.11603534299506466
[LGBM v3] 진입각 투구별 상관,,0.9482919167535223,-0.09979297076638577,0.4417919772395085,0.09251317000165953,-0.06223570592349566
[LGBM v3] 릴리스 위치 투구별 상관,,0.9015662692637428,0.1547802409687719,0.11403105598139941,0.1289918073648113,0.24684066264556553
[LGBM v3] 익스텐션 투구별 상관,,0.9581738977939935,-0.653425768525881,0.16033832086908673,0.10353873720064562,0.23744096215154345
[LGBM v3] 회전 투구별 상관,,0.9193205981339143,-0.013189274053827471,0.28923388533709393,0.290174086653469,0.32272173072905874
[LGBM v3] 구종·투구손 투구별 상관,,0.26783943891497525,0.7780706431253611,0.2011823807506989,0.2503315730532581,0.20710634892244026
