,LGBM v3 + 상수 분산,LGBM v3 + 이분산 오차 모델,LGBM 분위 회귀 (5·50·95%),LGBM 구종 제외 + 상수 분산,HOF-Net A0,HOF-Net A0-β0.1,HOF-Net A0-β0.01,HOF-Net A1,HOF-Net A5,HOF-Net A0-βNLL,HOF-Net A5-βNLL
RMSE,0.16818475295615004,0.16818475295615004,0.18808728950512213,0.16819581143120577,0.17010320547449528,0.17008497271306167,0.16936905429263097,0.17009414682610882,0.16857519113253855,0.16957561645354693,0.16861840536536912
MAE,0.12237002528828794,0.12237002528828794,0.09590091142867767,0.1223564529425907,0.12537080047915808,0.12565146837873686,0.12225127068586615,0.1250575828794509,0.12348484102685771,0.12345223405329381,0.12162328351337859
R2,0.02236812321744064,0.02236812321744064,-0.222703080669582,0.02223955659104826,-6.241551523822331e-05,0.00015195930710965033,0.008551327369488382,4.4095970449964383e-05,0.017823741385045166,0.0061315150209536595,0.01732011527622168
NLL,-0.3634157879808973,-0.37055474113941417,,-0.36335428413137155,-0.36093905273635585,-0.3616473834598429,-0.3635349379748895,-0.3626011900697892,-0.36952481961810735,-0.36351739038250164,-0.369377370507542
CRPS,0.08730617732171429,0.0870580946687743,,0.08730339007850053,0.08849264317940461,0.08844920329285617,0.08796145235811727,0.08861630170521627,0.0876399920984778,0.08782042110129828,0.08700605883889881
커버리지 50%,0.6836870590235471,0.7810206568246861,,0.6857555750757983,0.7894364002153523,0.7522031112748293,0.8166671389306055,0.7771103114108413,0.7206369896007481,0.7858944206738262,0.7658043127142897
커버리지 80%,0.8837947352016094,0.8927771953189199,,0.8833696976566263,0.8849281686548979,0.8829446601116432,0.8903119775580176,0.8885834915417529,0.89008529086736,0.8847014819642401,0.8843897877645859
커버리지 90%,0.9257034371369471,0.9231532118670482,0.9392196310674109,0.926100138845598,0.9282536624068459,0.9259017879912725,0.9297837975687853,0.9299254767504463,0.9255334221189538,0.9234649060667025,0.9206596582698139
커버리지 95%,0.9425065880819472,0.9414014904649911,,0.9425349239182794,0.9439517157348899,0.9430733048085914,0.9454818508968292,0.9448867983338528,0.9429032897905981,0.9419965430279674,0.9407781020656825
보정 오차 (평균 |커버리지 − 명목|),0.07516966082003909,0.10138739338641575,,0.07567262191493579,0.10216662888555153,0.09199406364228838,0.11032026579014476,0.1001831203422969,0.08583810319911592,0.10051606641920033,0.09501891417075173
90% 구간 평균 폭,0.5432624674862412,0.5602274719947109,0.43548836439188515,0.543360377765637,0.5577707326427628,0.5498980284622725,0.5811768404499091,0.5692737119540764,0.5574742093463132,0.5555463619321537,0.5494956150765893
