,LGBM v3,LGBM 구종 제외,A0,A0-β0.1,A0-β0.01,A1,A5,A0-βNLL,A5-βNLL
"검증 투수×구종 ρ(구위, whiff%)",0.7187420864794745,0.7171931793509855,-0.12217375708906077,0.01598116252969744,0.6687170468720649,-0.13091019251923994,0.6643466350231961,0.659080411314162,0.6197970940914779
"검증 투수×구종 ρ(구위, xwOBAcon)",-0.2464126938010889,-0.243542788314585,0.005984341568082704,0.028369483308063152,-0.214148576547458,0.13371586634345048,-0.24191550983721163,-0.23131867965584132,-0.21022549473563157
"검증 투수 ρ(구위, whiff%)",0.5565104726711672,0.542952470856368,-0.02680366058437696,0.06599885667269513,0.4515362168679023,-0.0001542434791217204,0.48826351729027295,0.4609412130073492,0.4982315021285142
2024 BA 격차,0.11521971989022806,0.11250477153261054,0.002777663845708628,-0.0013675255421301546,0.0787266187586794,0.02153368533831354,0.10648711737078251,0.0863423833249796,0.1067584581193064
2024 Whiff 격차,0.246895827919276,0.2449530983195467,-0.014081631909147574,0.0023461853592161575,0.21677085388058115,0.0011227517731452474,0.2352707246577126,0.21812545103854541,0.21779170235989825
2026 BA 격차,0.12387493771103947,0.12239945178672751,0.001943510752151545,0.0049596461096151345,0.08830035734798725,0.006686882395893268,0.11397578587328303,0.09111463010820309,0.11948012964237242
2026 Whiff 격차,0.24179394288315414,0.24053504066020456,-0.015755673827410666,-0.0002591465284159933,0.2147015063473852,-0.02630773622329463,0.23115996173741174,0.21581920955471395,0.22150256285053646
"안정성 r(구위 2024, 구위 2025)",0.9416933101300229,0.9395964111668734,0.9599982498131884,0.8824643927308937,0.9587526383394367,0.9092194688836218,0.942936373401783,0.9509068077025546,0.9323316566555194
"예측력 ρ(구위 2024, whiff% 2025)",0.7706360854192402,0.7669342192415834,-0.20363638141921703,0.038988209045210685,0.733917477759117,-0.06994487718477749,0.7083459007307016,0.7141536563966997,0.6809091649125613
"안정성 r(구위 2025, 구위 2026)",0.9372252809907744,0.9330399274667016,0.9531249593071154,0.8622432188402748,0.9616492506865094,0.8899842031470482,0.9416678885058428,0.9521321855413023,0.9298483954670981
"예측력 ρ(구위 2025, whiff% 2026)",0.7776755534517812,0.7760806557590004,-0.1902384073958033,0.03892445659850004,0.7605048543607278,-0.09969477995795759,0.733390962270777,0.7330100531609601,0.6975577979282722
"투수×구종 내 corr(점수, 높이 정규화)",-0.0694418430093443,-0.07303683002277345,-0.05181480480180754,-0.05467413929534762,-0.066123201857115,-0.031097438409565116,-0.10591019426546001,-0.07749082441369415,-0.08696838592033923
"투수×구종 내 corr(점수, |plate_x|)",0.024185567243025834,0.023043524459207192,0.009752736125250802,0.007261546162691702,0.01204221044175407,0.0008404342780551429,0.026659628188290565,0.012355588164051766,0.020993673417973032
사구 평균 점수 (raw),50.83673095703125,50.978797912597656,52.347145080566406,50.23281478881836,50.48277282714844,51.60942840576172,51.12977600097656,51.63346481323242,51.038822174072266
상위 1% 중 존 밖 볼 비율 (raw),0.41589571068124476,0.4193774537296691,0.38151991026360066,0.350063087060143,0.40776562938043176,0.3679192372406057,0.4121110176619008,0.41067675493905004,0.4121110176619008
LGBM 과의 투구별 점수 상관 (2026),,0.9702493447984012,-0.013465451611527832,0.038455412235066266,0.7279593758143439,0.034761789190880236,0.8543292386033348,0.743284967050723,0.8281026273102743
LGBM 과의 투수×구종 평균 상관 (2026),,0.9870726500309296,-0.13207299794727986,0.010413054283367432,0.8560914220826535,-0.05568424799537465,0.9066707383486755,0.8516955539912651,0.8753081211922715
