epoch,train_nll,train_kl,holdout_nll,holdout_rmse,nan_batches,chol_fail,tau_max,variant
1,-0.2999485424813092,0.0,-0.3524041355039325,0.1700530369685802,0,0,1.8813802003860474,A5
2,-0.36194991870971066,0.0,-0.3531546743618093,0.17026466299894288,0,0,1.9597570896148682,A5
3,-0.364261867644086,0.0,-0.3565962822366397,0.16971003869810425,0,0,2.0613484382629395,A5
4,-0.365307263646577,0.0,-0.35725480265991205,0.1692034462401768,0,0,2.073021650314331,A5
5,-0.3667802087952121,0.0,-0.35590039631825776,0.17015268110425424,0,0,2.1227164268493652,A5
6,-0.3687962598973841,0.0,-0.3661567473061937,0.1689930026586011,0,0,2.1581366062164307,A5
7,-0.371070183231587,0.0,-0.36408645161823994,0.16964895767971128,0,0,2.1697661876678467,A5
8,-0.3710644581677918,0.0,-0.3626028823973485,0.16941675858065255,0,0,2.2517337799072266,A5
9,-0.37236693624370476,0.0,-0.3637843876004504,0.1691902842075815,0,0,2.342592239379883,A5
10,-0.372959656520966,0.0,-0.3609546399640042,0.16912856612339125,0,0,2.3352761268615723,A5
