,A0-β0.01,A0-βNLL,A5,A5-βNLL,LGBM v3
method,hof-additive,hof-additive,hof-additive,hof-additive,shap
기준 점수 S0,54.44684239431918,52.998355641030294,59.38749008007173,60.604591796061754,50.59655607763873
가법성 오차 최대 (점),0.1234398262041907,0.07049190576307751,0.0027398029635392618,0.0018038385355012565,
가법성 오차 99% (점),0.09076462552330043,0.04362160406594919,7.105427357601002e-15,7.105427357601002e-15,
최대 + 요인 일치율,0.2102,0.16645,0.19645,0.30915,
최대 − 요인 일치율,0.17635,0.2862,0.26565,0.38825,
구위 상관 (LGBM),0.65755151095812,0.6200819689990189,0.8604672159421897,0.8483164458037333,
구속 투구별 상관,0.15768623927221043,0.2180890864603636,0.3937709484337203,0.4051015637092411,
수직 무브먼트 투구별 상관,-0.11582683503103972,-0.1464173880465099,0.5763441524646139,0.6326869912735356,
수평 무브먼트 투구별 상관,0.047619173705539246,-0.2355722593565585,0.6181798674968786,0.2534983701436053,
진입각 투구별 상관,-0.07784995349720533,0.12020818143610487,0.5624427157600315,0.771863319472375,
릴리스 위치 투구별 상관,-0.12099156221104057,0.11224001240403651,0.16684148719061723,0.5016154202807629,
익스텐션 투구별 상관,0.2748050502329696,0.07597524902572933,0.17656444514593572,0.6518431447562536,
회전 투구별 상관,0.06722124885300192,0.27248073608587337,0.417080317780643,0.5335110473440992,
구종·투구손 투구별 상관,0.545552145484665,0.6433043988748771,0.2607447422025058,0.7170458261815679,
구속 비중,0.08509800404751125,0.03131832928577378,0.23521715520113695,0.10281258895187229,0.18722760370905622
수직 무브먼트 비중,0.043022145292415215,0.05883884715437497,0.13738369486466562,0.2134693299475755,0.15275934611823733
수평 무브먼트 비중,0.022919967976301886,0.03116135030107355,0.16410811919667154,0.08548705855370095,0.13807018823709816
진입각 비중,0.01787109960833294,0.02101016042636602,0.11498662956038096,0.0931621316458964,0.0775537351959572
릴리스 위치 비중,0.04420834620872978,0.0585132534749248,0.11049165466416143,0.08693066350442849,0.07699300403548592
익스텐션 비중,0.0024600351457584784,0.010932956514405326,0.02528829766688556,0.026351323966789887,0.03816620292205747
회전 비중,0.21232160172865597,0.21483478687780572,0.1614781021242216,0.0653184361345733,0.07511431180760417
구종·투구손 비중,0.5720987999922945,0.5733903159652759,0.05104634672187632,0.3264684672951631,0.25411560797450355
