,LGBM v3 + 상수 분산,LGBM v3 + 이분산 오차 모델,LGBM 분위 회귀 (5·50·95%),HOF-Net A0,HOF-Net A0-β0.1,HOF-Net A0-β0.01,HOF-Net A1,HOF-Net A5,HOF-Net A0-βNLL,HOF-Net A5-βNLL
RMSE,0.1681847744110767,0.1681847744110767,0.1880134978879027,0.1701160649538619,0.17009867016195,0.1695266670463412,0.1701044820985275,0.1685246835269377,0.1695989324674283,0.1685395088045024
MAE,0.1223700591810421,0.12237005918104213,0.0959168832878911,0.1256231433828397,0.1255924239872012,0.1247433513919922,0.1240044879325525,0.1247896854762878,0.1251253733304294,0.1247210176071501
R2,0.0223678737891043,0.02236787378910432,-0.2217438713677113,-0.0002136268703478,-9.088652382249762e-06,0.0067052089598521,-7.7426502252953e-05,0.0184122021095267,0.0058581898226647,0.0182394920786442
NLL,-0.3634155630776864,-0.37005945079934327,,-0.3608251215749841,-0.3612895444186165,-0.362339844885136,-0.3612360797372017,-0.3707220008987081,-0.3639071378145843,-0.369153149067198
CRPS,0.0873061716270799,0.08707181267466098,,0.0885011434453664,0.0883750783999326,0.0883268906113043,0.0883331882026896,0.0877394176722706,0.0882185816199324,0.0881993359570014
커버리지 50%,0.6836870590235471,0.7803972684253776,,0.7788954690997705,0.7484911167153099,0.779773880026069,0.8055028194157151,0.6856705675668018,0.7681278512935309,0.7104927601938171
커버리지 80%,0.8837663993652772,0.8931172253549063,,0.883738063528945,0.8823496075486668,0.8881301181604375,0.8851831911818877,0.8904253209033465,0.8852398628545521,0.8956674506248052
커버리지 90%,0.9257034371369472,0.9233232268850415,0.9395313252670652,0.9271202289535576,0.924881697883313,0.9295571108781276,0.9281686548978492,0.925023377064974,0.9268652064265676,0.9296421183871242
커버리지 95%,0.9425065880819472,0.9406930945566858,,0.9434983423535744,0.942336573063954,0.9450001416791816,0.943980051571222,0.9418831996826388,0.9438100365532288,0.945595194242158
보정 오차 (평균 |커버리지 − 명목|),0.075162576860956,0.10153615652715989,,0.0990638548071746,0.0908464622708338,0.100615241846363,0.1062186534810574,0.0773090164631208,0.0966057210053554,0.085051783740897
90% 구간 평균 폭,0.5432611159539141,0.5602845416814752,0.4354431203218995,0.5537200795648372,0.5463607831360301,0.5660990140397876,0.5662951200029194,0.5487932174442793,0.5542764735695503,0.5712502941691889
