,LGBM v3,A0,A0-β0.1,A0-β0.01,A1,A5,A0-βNLL,A5-βNLL
"검증 투수×구종 ρ(구위, whiff%)",0.7187420864794745,-0.30950466220249384,0.1353371978876529,0.5968284477329179,-0.3269425782419572,0.675046441886762,0.6104812560240396,0.6700218755325731
"검증 투수×구종 ρ(구위, xwOBAcon)",-0.2464126938010889,0.14766016300022092,0.0109557575152302,-0.17035671808467173,0.09080831282968505,-0.26536139382439194,-0.19880034742713262,-0.2531400088975241
"검증 투수 ρ(구위, whiff%)",0.5565104726711672,0.13687566337261467,0.04135653283951128,0.3474623573740105,0.17244035357110535,0.4950174536323153,0.2740694539209179,0.4890597992512389
2024 BA 격차,0.11519254951360147,-0.02410059031031289,0.033040130952305874,0.08380525799618252,-0.0180907788171909,0.10487645192902598,0.07243871425255666,0.09800041125562733
2024 Whiff 격차,0.24688889545106368,-0.08523769843201198,0.05584352808035156,0.2101286736152222,-0.06040490497411152,0.23763002250183812,0.20490165375471386,0.24021975914973986
2026 BA 격차,0.12388953877033987,-0.020367684013670784,0.02921084547763761,0.0841738137341389,-0.009155109490175922,0.11227972003600373,0.07616047437596471,0.10855009240842331
2026 Whiff 격차,0.2418368996330387,-0.07012293231449063,0.05501482156328247,0.21076071461895807,-0.06000996047519799,0.2386972137378871,0.20217374529044824,0.24121381670233505
"안정성 r(구위 2024, 구위 2025)",0.9416933101300229,0.9813465065334056,0.9395366157751327,0.9723125978116806,0.9821517873682796,0.9466320681035373,0.9793040406717043,0.9572298665062994
"예측력 ρ(구위 2024, whiff% 2025)",0.7706360854192402,-0.3784326511737719,0.12824340367736548,0.6483390124707247,-0.33348926905828447,0.7256079784956955,0.6667864278837716,0.7093938118001945
"안정성 r(구위 2025, 구위 2026)",0.9372252809907744,0.9793148903784485,0.9291983576454713,0.9727081451276615,0.9789608760434229,0.9456571620788211,0.9775845968573965,0.9535441958839022
"예측력 ρ(구위 2025, whiff% 2026)",0.7776755534517812,-0.3703616184518833,0.14922125938908465,0.6794885206739381,-0.33108251828722546,0.7372885582675278,0.6963280595622114,0.7299323671613015
"투수×구종 내 corr(점수, 높이 정규화)",-0.06945352615111279,-0.0963154146313221,0.003223643738912821,-0.0503493652037484,-0.028381436562413043,-0.09716342695470669,-0.03164339057856415,-0.0916391104018556
"투수×구종 내 corr(점수, |plate_x|)",0.02418898407532269,-0.002159856673656409,0.0018461793543376919,0.009209215928555321,-0.002423009681012955,0.021189526744168453,0.01106066984840459,0.025559877610519918
사구 평균 점수 (raw),50.836822509765625,48.81683349609375,49.23807907104492,48.433998107910156,50.39828109741211,51.683326721191406,49.34088134765625,50.77566146850586
상위 1% 중 존 밖 볼 비율 (raw),0.41589571068124476,0.36355991590749825,0.3536174985978688,0.41541695865452,0.3352017937219731,0.45243099341459997,0.38355972552863743,0.42702930043459975
LGBM 과의 투구별 점수 상관 (2026),,-0.2256035017653019,0.1747848575273981,0.6563809821797124,-0.1681628940685191,0.8577346110598448,0.615724985102851,0.8480731118669596
LGBM 과의 투수×구종 평균 상관 (2026),,-0.32703091117664046,0.15257732066950966,0.7437424282757388,-0.2637086369229475,0.9018879476718281,0.719749735855473,0.8913375404533892
